<?xml version="1.0" encoding="UTF-8"?>
<project xmlns="http://www.netbeans.org/ns/project/1">
    <type>org.netbeans.modules.php.project</type>
    <configuration>
        <data xmlns="http://www.netbeans.org/ns/php-project/1">
            <name>ssnite.in</name>
        </data>
        <spellchecker-wordlist xmlns="http://www.netbeans.org/ns/spellchecker-wordlist/1">
            <word>asfaksjflasjfafaslfjasfj</word>
            <word>asfaksjflasjfafaslfjasfjasd</word>
            <word>asfaksjflasjfafaslfjasfjasda</word>
            <word>signup</word>
            <word>vpanel</word>
        </spellchecker-wordlist>
    </configuration>
</project>
