<?xml version="1.0" encoding="UTF-8"?>
<project-private xmlns="http://www.netbeans.org/ns/project-private/1">
    <editor-bookmarks xmlns="http://www.netbeans.org/ns/editor-bookmarks/2" lastBookmarkId="1">
        <file>
            <url>scripts/subid.class.php</url>
            <bookmark id="1">
                <name/>
                <line>81</line>
                <key/>
            </bookmark>
        </file>
    </editor-bookmarks>
    <open-files xmlns="http://www.netbeans.org/ns/projectui-open-files/2">
        <group>
            <file>file:/W:/www/ssnite.in/signup/signup.css</file>
            <file>file:/W:/www/ssnite.in/scripts/classid.class.php</file>
            <file>file:/W:/www/ssnite.in/index.php</file>
            <file>file:/W:/www/ssnite.in/vpanel/vpanel.js</file>
            <file>file:/W:/www/ssnite.in/index/index.js</file>
            <file>file:/W:/www/ssnite.in/scripts/notification.class.php</file>
            <file>file:/W:/www/ssnite.in/signup/index.php</file>
            <file>file:/W:/www/ssnite.in/scripts/ajaxvpanel.php</file>
            <file>file:/W:/www/ssnite.in/vpanel/index.php</file>
            <file>file:/W:/www/ssnite.in/vpanel/vpanel.css</file>
        </group>
    </open-files>
</project-private>
